maker,certifier,city,state,categories,url
Asher's Chocolate Co.,Orthodox Union (OU),Souderton,Pennsylvania,Kosher Sweets & Chocolate Worth the Hunt,https://ashers.com/
Bariani Olive Oil,Orthodox Union (OU),Yolo County,California,Kosher Olive Oil & Vinegar Worth the Hunt,https://barianioliveoil.com/
Bee Inspired Goods,Star-K,Owings Mills,Maryland,"Kosher Pantry & Matzo Worth the Hunt; Kosher Coffee, Spice & Pantry Specialty Worth the Hunt",https://beeinspiredgoods.com/
Blake Hill Preserves,Orthodox Union (OU),Windsor,Vermont,"Kosher Honey, Preserves & Jam Worth the Hunt",https://blakehillpreserves.com/
Burlap & Barrel,Orthodox Union (OU),New York,New York,"Kosher Coffee, Spice & Pantry Specialty Worth the Hunt",https://www.burlapandbarrel.com/
Fischer Bros. & Leslie,Orthodox Union (OU),New York,New York,Kosher Prepared & Deli Meals Worth the Hunt,https://www.fischerbros.com/
Graeter's,Star-K,Cincinnati,Ohio,Kosher Ice Cream & Frozen Worth the Hunt,https://www.graeters.com/pages/kosher-ice-cream
Grandy Organics,Orthodox Union (OU),Hiram,Maine,Kosher Granola & Snacks Worth the Hunt,https://www.grandyorganics.com/
Grow & Behold,Star-K,Brooklyn,New York,Kosher Meat & Deli Worth the Hunt,https://www.growandbehold.com/
Guittard Chocolate Company,Orthodox Union (OU),Burlingame,California,"Kosher Baking: Chocolate, Vanilla & Flour Worth the Hunt",https://guittard.com/
Harney & Sons,Kosher Supervision of America (KSA),Millerton,New York,Kosher Tea Worth the Hunt,https://www.harney.com/
KOL Foods,Star-K,Washington,District of Columbia,Kosher Meat & Deli Worth the Hunt,https://kolfoods.com/
Li-Lac Chocolates,Orthodox Union (OU),New York,New York,Kosher Sweets & Chocolate Worth the Hunt,https://www.li-lacchocolates.com/pages/kosher-certified
Living Tree Community Foods,Local Vaad,Berkeley,California,Kosher Olive Oil & Vinegar Worth the Hunt,https://www.livingtreecommunityfoods.com/
Mendy's Kosher Delicatessen,Orthodox Union (OU),New York,New York,Kosher Prepared & Deli Meals Worth the Hunt,https://www.mendysdeli.com/
Nielsen-Massey Vanillas,Chicago Rabbinical Council (cRc),Waukegan,Illinois,"Kosher Baking: Chocolate, Vanilla & Flour Worth the Hunt",https://nielsenmassey.com/
Nuts.com,OK Kosher,Cranford,New Jersey,Kosher Nuts & Dried Fruit Worth the Hunt,https://nuts.com/
Oh! Nuts,OK Kosher,,,Kosher Nuts & Dried Fruit Worth the Hunt,https://ohnuts.com/collections/halva
Oneg Bakery,Chicago Rabbinical Council (cRc),Brooklyn,New York,Kosher Challah & Bakery Worth the Hunt,https://www.onegbakery.com/
Path Coffee Roasters,Star-K,Port Chester,New York,"Kosher Coffee, Spice & Pantry Specialty Worth the Hunt",https://pathcoffees.com/
Pereg Natural Foods,Orthodox Union (OU),Clifton,New Jersey,"Kosher Grains, Quinoa & Couscous Worth the Hunt",https://www.pereg-gourmet.com/
Seed + Mill,Star-K,New York,New York,Kosher Sweets & Chocolate Worth the Hunt,https://www.seedandmill.com/
Soupergirl,Star-K,Washington,District of Columbia,Kosher Soup & Broth Worth the Hunt,https://thesoupergirl.com/
Streit's,Orthodox Union (OU),Orangeburg,New York,Kosher Pantry & Matzo Worth the Hunt,https://www.streitsmatzos.com/
Struesli,Kof-K,Newtown,Connecticut,Kosher Granola & Snacks Worth the Hunt,https://struesli.com/
Tabatchnick Fine Foods,Star-K,Somerset,New Jersey,Kosher Soup & Broth Worth the Hunt,https://www.tabatchnick.com/
Teeny Tiny Spice Co.,Star-K,Harrisonburg,Virginia,"Kosher Coffee, Spice & Pantry Specialty Worth the Hunt",https://www.teenytinyspice.com/
The Cheese Guy,Chicago Rabbinical Council (cRc),Yonkers,New York,Kosher Dairy & Cheese Worth the Hunt,https://thecheeseguy.com/
The Velvet Chocolatier,Star-K,Stevenson,Maryland,Kosher Sweets & Chocolate Worth the Hunt,https://thevelvetchocolatier.com/chocolate/kosher-chocolate/
Traina Home Grown,Local Vaad,Patterson,California,Kosher Nuts & Dried Fruit Worth the Hunt,https://www.trainahomegrown.com/shop/sun-dried-fruit/tomatoes/california-sun-dried-tomatoes/
Verena Street Coffee Co.,Orthodox Union (OU),Dubuque,Iowa,"Kosher Coffee, Spice & Pantry Specialty Worth the Hunt",https://www.verenastreet.com/
Zaro's Family Bakery,OK Kosher,Bronx,New York,Kosher Challah & Bakery Worth the Hunt,https://www.zaro.com/
